{
  "version": "4.67.0",
  "application": {
    "aimms.widget.type": {
      "literal": "application"
    },
    "browsername": {
      "aimms": {
        "contents": [
          "webui::ClientBrowserName"
        ]
      }
    },
    "browsertimezone": {
      "aimms": {
        "contents": [
          "webui::BrowserTimeZone"
        ]
      }
    },
    "ignoredst": {
      "aimms": {
        "contents": [
          "webui::IgnoreDST"
        ]
      }
    },
    "pages": {
      "literal": {
        "name": "root",
        "slug": "root",
        "children": [
          {
            "name": "Main Project",
            "slug": "main_project",
            "children": [
              {
                "name": "Load Data",
                "type": "pagev2-grid",
                "slug": "load_data",
                "children": []
              },
              {
                "name": "Control Panel",
                "type": "pagev2-grid",
                "slug": "control_panel",
                "children": []
              }
            ]
          }
        ]
      }
    },
    "theme.classic": {
      "literal": "NOT_ALLOWED"
    },
    "timezone": {
      "aimms": {
        "contents": [
          "webui::DisplayTimeZone"
        ]
      }
    },
    "timezone.dst.readonly": {
      "aimms": {
        "contents": [
          "webui::DefaultDSTSettingForDisplayTimeZone"
        ]
      }
    },
    "workflows.configuration": {
      "literal": {
        "identifier": "Workflow_MainSteps",
        "slice": [
          {
            "index": "webui::indexWorkflowOrder",
            "type": "free",
            "value": "webui::indexWorkflowOrder"
          },
          {
            "index": "webui::indexNoOfPages",
            "type": "free",
            "value": "webui::indexNoOfPages"
          },
          {
            "index": "webui::indexWorkflowPageSpec",
            "type": "free",
            "value": "webui::indexWorkflowPageSpec"
          }
        ]
      }
    },
    "workflows.information": {
      "aimms": {
        "contents": [
          "Workflow_Main"
        ],
        "slices": [
          {
            "identifier": "Workflow_Main",
            "slice": [
              {
                "index": "webui::indexWorkflowOrder",
                "type": "free",
                "value": "webui::indexWorkflowOrder"
              },
              {
                "index": "webui::indexWorkflowSpec",
                "type": "free",
                "value": "webui::indexWorkflowSpec"
              }
            ]
          }
        ]
      }
    }
  },
  "layouts/custom_28761287-7ffb-4789-b1a5-351e771acbf4": {
    "definition": {
      "literal": {
        "componentName": "Grid",
        "props": {
          "gridTemplateColumns": "1fr 3fr",
          "gridTemplateRows": "1fr 1fr",
          "gridTemplateAreas": "\"area-a area-a\" \"area-b area-c\""
        },
        "items": [
          {
            "componentName": "WidgetArea",
            "props": {
              "gridArea": "area-a",
              "name": "Area A",
              "gridAutoFlow": "column"
            }
          },
          {
            "componentName": "WidgetArea",
            "props": {
              "gridArea": "area-b",
              "name": "Area B",
              "gridAutoFlow": "row"
            }
          },
          {
            "componentName": "WidgetArea",
            "props": {
              "gridArea": "area-c",
              "name": "Area C",
              "gridAutoFlow": "column"
            }
          }
        ]
      }
    },
    "displayName": {
      "literal": "Load Data Page"
    }
  },
  "layouts/custom_9df822a6-0fa9-48f2-8e6b-bf49cf6f4f20": {
    "definition": {
      "literal": {
        "componentName": "Grid",
        "props": {
          "gridTemplateColumns": "1fr 1fr 1fr 1fr",
          "gridTemplateRows": "1fr 1fr 1fr 1fr 1fr 1fr 1fr 1fr",
          "gridTemplateAreas": "\"area-a area-b area-c area-d\" \"area-a area-b area-c area-d\" \"area-e area-f area-g area-h\" \"area-e area-f area-g area-h\" \"area-e area-f area-g area-h\" \"area-e area-f area-k area-l\" \"area-e area-f area-k area-l\" \"area-e area-f area-k area-l\""
        },
        "items": [
          {
            "componentName": "WidgetArea",
            "props": {
              "gridArea": "area-a",
              "name": "Area A",
              "gridAutoFlow": "row"
            }
          },
          {
            "componentName": "WidgetArea",
            "props": {
              "gridArea": "area-b",
              "name": "Area B",
              "gridAutoFlow": "row"
            }
          },
          {
            "componentName": "WidgetArea",
            "props": {
              "gridArea": "area-c",
              "name": "Area C",
              "gridAutoFlow": "row"
            }
          },
          {
            "componentName": "WidgetArea",
            "props": {
              "gridArea": "area-d",
              "name": "Area D",
              "gridAutoFlow": "column"
            }
          },
          {
            "componentName": "WidgetArea",
            "props": {
              "gridArea": "area-e",
              "name": "Area E",
              "gridAutoFlow": "row"
            }
          },
          {
            "componentName": "WidgetArea",
            "props": {
              "gridArea": "area-f",
              "name": "Area F",
              "gridAutoFlow": "row"
            }
          },
          {
            "componentName": "WidgetArea",
            "props": {
              "gridArea": "area-g",
              "name": "Area G",
              "gridAutoFlow": "row"
            }
          },
          {
            "componentName": "WidgetArea",
            "props": {
              "gridArea": "area-h",
              "name": "Area H",
              "gridAutoFlow": "row"
            }
          },
          {
            "componentName": "WidgetArea",
            "props": {
              "gridArea": "area-i",
              "name": "Area I",
              "gridAutoFlow": "row"
            }
          },
          {
            "componentName": "WidgetArea",
            "props": {
              "gridArea": "area-j",
              "name": "Area J",
              "gridAutoFlow": "row"
            }
          },
          {
            "componentName": "WidgetArea",
            "props": {
              "gridArea": "area-k",
              "name": "Area K",
              "gridAutoFlow": "row"
            }
          },
          {
            "componentName": "WidgetArea",
            "props": {
              "gridArea": "area-l",
              "name": "Area L",
              "gridAutoFlow": "row"
            }
          }
        ]
      }
    },
    "displayName": {
      "literal": "Control Panel Page"
    }
  },
  "pages/control_panel": {
    "aimms.widget.type": {
      "literal": "pagev2-grid"
    },
    "bindings": {
      "literal": [
        {
          "widgetUri": "Electrolyzer Storage Cost_1",
          "gridArea": "area-l",
          "dndId": "area-lElectrolyzer Storage Cost_10"
        },
        {
          "widgetUri": "Electrolyzer Storage Cost",
          "gridArea": "area-k",
          "dndId": "area-kElectrolyzer Storage Cost1"
        },
        {
          "widgetUri": "Cost Data",
          "gridArea": "area-e",
          "dndId": "area-eCost Data2"
        },
        {
          "widgetUri": "Solar Panel Fixed Cost",
          "gridArea": "area-f",
          "dndId": "area-fSolar Panel Fixed Cost3"
        },
        {
          "widgetUri": "Electrolyzer Fixed Cost",
          "gridArea": "area-g",
          "dndId": "area-gElectrolyzer Fixed Cost4"
        },
        {
          "widgetUri": "Fuel Cell Fixed Cost",
          "gridArea": "area-h",
          "dndId": "area-hFuel Cell Fixed Cost5"
        },
        {
          "widgetUri": "Wind Locations",
          "gridArea": "area-a",
          "dndId": "area-aWind Locations6"
        },
        {
          "widgetUri": "Solar Panel Locations",
          "gridArea": "area-b",
          "dndId": "area-bSolar Panel Locations7"
        },
        {
          "widgetUri": "Number of Electrolyzers",
          "gridArea": "area-c",
          "dndId": "area-cNumber of Electrolyzers8"
        },
        {
          "widgetUri": "Fuel Cell Locations",
          "gridArea": "area-d",
          "dndId": "Unassigned widgetsFuel Cell Locations"
        }
      ]
    },
    "layoutId": {
      "literal": "custom_9df822a6-0fa9-48f2-8e6b-bf49cf6f4f20"
    },
    "widgets": {
      "literal": [
        {
          "uri": "Cost Data",
          "layoutInfo": {
            "width": "2",
            "height": "1"
          }
        },
        {
          "uri": "Solar Panel Fixed Cost",
          "layoutInfo": {
            "width": "2",
            "height": "1"
          }
        },
        {
          "uri": "Electrolyzer Fixed Cost",
          "layoutInfo": {
            "width": "2",
            "height": "1"
          }
        },
        {
          "uri": "Fuel Cell Fixed Cost",
          "layoutInfo": {
            "width": "2",
            "height": "1"
          }
        },
        {
          "uri": "Electrolyzer Storage Cost",
          "layoutInfo": {
            "width": "2",
            "height": "1"
          }
        },
        {
          "uri": "Electrolyzer Storage Cost_1",
          "layoutInfo": {
            "width": "2",
            "height": "1"
          }
        },
        {
          "uri": "Wind Locations",
          "layoutInfo": {
            "width": "2",
            "height": "1"
          }
        },
        {
          "uri": "Solar Panel Locations",
          "layoutInfo": {
            "width": "2",
            "height": "1"
          }
        },
        {
          "uri": "Number of Electrolyzers",
          "layoutInfo": {
            "width": "2",
            "height": "1"
          }
        },
        {
          "uri": "Fuel Cell Locations",
          "layoutInfo": {
            "width": "2",
            "height": "1"
          }
        }
      ]
    }
  },
  "pages/load_data": {
    "aimms.widget.type": {
      "literal": "pagev2-grid"
    },
    "bindings": {
      "literal": [
        {
          "widgetUri": "Control Panel",
          "gridArea": "area-b",
          "dndId": "Unassigned widgetsControl Panel2"
        },
        {
          "widgetUri": "Electricity Load_1",
          "gridArea": "area-c",
          "dndId": "area-cElectricity Load_10"
        },
        {
          "widgetUri": "Electricity Load",
          "gridArea": "area-a",
          "dndId": "area-aElectricity Load1"
        }
      ]
    },
    "layoutId": {
      "literal": "custom_28761287-7ffb-4789-b1a5-351e771acbf4"
    },
    "secondarypageactions": {
      "aimms": {
        "contents": [
          "PageAction_Secondary"
        ],
        "slices": [
          {
            "identifier": "PageAction_Secondary",
            "slice": [
              {
                "index": "webui::indexPageExtension",
                "type": "free",
                "value": "webui::indexPageExtension"
              },
              {
                "index": "webui::indexPageActionSpec",
                "type": "free",
                "value": "webui::indexPageActionSpec"
              }
            ]
          }
        ]
      }
    },
    "widgets": {
      "literal": [
        {
          "uri": "Electricity Load",
          "layoutInfo": {
            "width": "2",
            "height": "1"
          }
        },
        {
          "uri": "Electricity Load_1",
          "layoutInfo": {
            "width": "2",
            "height": "1"
          }
        },
        {
          "uri": "Control Panel",
          "layoutInfo": {
            "width": "2",
            "height": "1"
          }
        }
      ]
    }
  },
  "widgets/Control Panel": {
    "aimms.widget.type": {
      "literal": "table"
    },
    "contents": {
      "aimms": {
        "contents": [
          "Quarter_Selection"
        ]
      }
    },
    "contents.displaydomain": {
      "literal": {
        "quarter_selection": "1"
      }
    },
    "contents.partition": {
      "literal": {
        "rowHeader": [
          "q"
        ],
        "colHeader": [
          "<IDENTIFIER-SET>"
        ],
        "aggregated": []
      }
    },
    "custom.column.widths": {
      "literal": [
        {
          "type": "rowHeader",
          "colKey": "q",
          "width": 26.44
        },
        {
          "type": "colHeader",
          "colKey": {
            "<IDENTIFIER-SET>": "Quarter_Selection"
          },
          "width": 29.07
        }
      ]
    },
    "name": {
      "literal": "Control Panel"
    },
    "title": {
      "literal": "Select Quarter(s)"
    }
  },
  "widgets/Cost Data": {
    "aimms.widget.type": {
      "literal": "table"
    },
    "contents": {
      "aimms": {
        "contents": [
          "Wind_FixedCost",
          "Wind_MaxNumber"
        ]
      }
    },
    "contents.displaydomain": {
      "literal": {
        "wind_fixedcost": "1",
        "wind_maxnumber": "1"
      }
    },
    "contents.partition": {
      "literal": {
        "rowHeader": [
          "w"
        ],
        "colHeader": [
          "<IDENTIFIER-SET>"
        ],
        "aggregated": []
      }
    },
    "contents.sorting": {
      "literal": [
        {
          "partIndex": 0,
          "index": "w",
          "mode": "increasing"
        }
      ]
    },
    "custom.column.widths": {
      "literal": [
        {
          "type": "rowHeader",
          "colKey": "w",
          "width": 22.39
        },
        {
          "type": "rowHeader",
          "width": 28.9
        },
        {
          "type": "colHeader",
          "colKey": {
            "<IDENTIFIER-SET>": "Wind_FixedCost"
          },
          "width": 20.09
        },
        {
          "type": "colHeader",
          "colKey": {
            "<IDENTIFIER-SET>": "Wind_MaxNumber"
          },
          "width": 18.14
        }
      ]
    },
    "name": {
      "literal": "Cost Data"
    },
    "title": {
      "literal": "Wind Turbine Data"
    }
  },
  "widgets/Electricity Load": {
    "aimms.widget.type": {
      "literal": "linechart"
    },
    "contents": {
      "aimms": {
        "contents": [
          "Electricity_Demand"
        ],
        "prefix": "aimms",
        "slices": [
          {
            "identifier": "Electricity_Demand",
            "slice": [
              {
                "index": "q",
                "type": "subset",
                "value": "q_filter"
              },
              {
                "index": "i",
                "type": "free",
                "value": "i"
              },
              {
                "index": "l_e",
                "type": "free",
                "value": "l_e"
              }
            ]
          }
        ]
      }
    },
    "contents.partition": {
      "literal": {
        "header": [
          "q_filter",
          "i"
        ],
        "stacked": [],
        "overlays": [
          "q",
          "<IDENTIFIER-SET>",
          "l_e"
        ],
        "aggregated": []
      }
    },
    "name": {
      "literal": "Electricity Load"
    },
    "title": {
      "literal": "Electricity Load (in MWh) for Single Day"
    }
  },
  "widgets/Electricity Load_1": {
    "aimms.widget.type": {
      "literal": "linechart"
    },
    "contents": {
      "aimms": {
        "contents": [
          "Gas_Demand"
        ],
        "prefix": "aimms",
        "slices": [
          {
            "identifier": "Gas_Demand",
            "slice": [
              {
                "index": "q",
                "type": "subset",
                "value": "q_filter"
              },
              {
                "index": "i",
                "type": "free",
                "value": "i"
              },
              {
                "index": "l_g",
                "type": "free",
                "value": "l_g"
              }
            ]
          }
        ]
      }
    },
    "contents.partition": {
      "literal": {
        "header": [
          "q_filter",
          "i"
        ],
        "stacked": [
          "l_e"
        ],
        "overlays": [
          "<IDENTIFIER-SET>",
          "l_g"
        ],
        "aggregated": []
      }
    },
    "name": {
      "literal": "Gas Load"
    },
    "title": {
      "literal": "Gas Load (in kg) for Single Day"
    }
  },
  "widgets/Electrolyzer Fixed Cost": {
    "aimms.widget.type": {
      "literal": "table"
    },
    "contents": {
      "aimms": {
        "contents": [
          "Electro_FixedCost",
          "Electro_StorageMax"
        ]
      }
    },
    "contents.displaydomain": {
      "literal": {
        "electro_fixedcost": "1",
        "electro_storagemax": "1"
      }
    },
    "contents.partition": {
      "literal": {
        "rowHeader": [
          "e"
        ],
        "colHeader": [
          "<IDENTIFIER-SET>"
        ],
        "aggregated": []
      }
    },
    "contents.sorting": {
      "literal": [
        {
          "partIndex": 0,
          "index": "e",
          "mode": "increasing"
        }
      ]
    },
    "custom.column.widths": {
      "literal": [
        {
          "type": "rowHeader",
          "width": 25.47
        },
        {
          "type": "rowHeader",
          "colKey": "e",
          "width": 21.57
        },
        {
          "type": "colHeader",
          "colKey": {
            "<IDENTIFIER-SET>": "Electro_FixedCost"
          },
          "width": 17.88
        },
        {
          "type": "colHeader",
          "colKey": {
            "<IDENTIFIER-SET>": "Electro_StorageMax"
          },
          "width": 17.85
        }
      ]
    },
    "name": {
      "literal": "Electrolyzer Fixed Cost"
    },
    "title": {
      "literal": "Electrolyzer Data"
    }
  },
  "widgets/Electrolyzer Storage Cost": {
    "aimms.widget.type": {
      "literal": "table"
    },
    "contents": {
      "aimms": {
        "contents": [
          "Electro_Storage_Cost"
        ]
      }
    },
    "contents.displaydomain": {
      "literal": {
        "electro_storage_cost": "1"
      }
    },
    "contents.partition": {
      "literal": {
        "rowHeader": [
          "e",
          "i"
        ],
        "colHeader": [
          "<IDENTIFIER-SET>"
        ],
        "aggregated": []
      }
    },
    "custom.column.widths": {
      "literal": [
        {
          "type": "rowHeader",
          "colKey": "i",
          "width": 13.26
        },
        {
          "type": "colHeader",
          "colKey": {
            "<IDENTIFIER-SET>": "Electro_Storage_Cost"
          },
          "width": 25.91
        },
        {
          "type": "rowHeader",
          "colKey": "e",
          "width": 20.1
        }
      ]
    },
    "name": {
      "literal": "Electrolyzer Storage Cost"
    },
    "title": {
      "literal": "Electrolyzer Storage Cost"
    }
  },
  "widgets/Electrolyzer Storage Cost_1": {
    "aimms.widget.type": {
      "literal": "table"
    },
    "contents": {
      "aimms": {
        "contents": [
          "FuelCell_Storage_Cost"
        ]
      }
    },
    "contents.displaydomain": {
      "literal": {
        "fuelcell_storage_cost": "1"
      }
    },
    "contents.partition": {
      "literal": {
        "rowHeader": [
          "e",
          "f",
          "i"
        ],
        "colHeader": [
          "<IDENTIFIER-SET>"
        ],
        "aggregated": []
      }
    },
    "custom.column.widths": {
      "literal": [
        {
          "type": "rowHeader",
          "width": 11.93
        },
        {
          "type": "colHeader",
          "colKey": {
            "<IDENTIFIER-SET>": "FuelCell_Storage_Cost"
          },
          "width": 24.6
        },
        {
          "type": "rowHeader",
          "colKey": "f",
          "width": 18.06
        }
      ]
    },
    "name": {
      "literal": "Electrolyzer Storage Cost (1)"
    },
    "title": {
      "literal": "Fuel Cell Storage Cost"
    }
  },
  "widgets/Fuel Cell Fixed Cost": {
    "aimms.widget.type": {
      "literal": "table"
    },
    "contents": {
      "aimms": {
        "contents": [
          "FuelCell_FixedCost",
          "FuelCell_StorageMax"
        ]
      }
    },
    "contents.displaydomain": {
      "literal": {
        "fuelcell_fixedcost": "1",
        "fuelcell_storagemax": "1"
      }
    },
    "contents.partition": {
      "literal": {
        "rowHeader": [
          "f"
        ],
        "colHeader": [
          "<IDENTIFIER-SET>"
        ],
        "aggregated": []
      }
    },
    "contents.sorting": {
      "literal": [
        {
          "partIndex": 0,
          "index": "f",
          "mode": "increasing"
        }
      ]
    },
    "custom.column.widths": {
      "literal": [
        {
          "type": "rowHeader",
          "colKey": "f",
          "width": 24.65
        },
        {
          "type": "colHeader",
          "colKey": {
            "<IDENTIFIER-SET>": "FuelCell_StorageMax"
          },
          "width": 17.23
        },
        {
          "type": "colHeader",
          "colKey": {
            "<IDENTIFIER-SET>": "FuelCell_FixedCost"
          },
          "width": 18.58
        }
      ]
    },
    "name": {
      "literal": "Fuel Cell Fixed Cost"
    },
    "title": {
      "literal": "Fuel Cell Data"
    }
  },
  "widgets/Fuel Cell Locations": {
    "aimms.widget.type": {
      "literal": "scalar"
    },
    "contents": {
      "aimms": {
        "contents": [
          "FuelCell_LocationCount"
        ]
      }
    },
    "contents.numdecimals": {
      "literal": 0
    },
    "custom.column.widths": {
      "literal": [
        {
          "type": "rowHeader",
          "colKey": "<IDENTIFIER-SET>",
          "width": 27.05
        }
      ]
    },
    "name": {
      "literal": "Fuel Cell Locations"
    },
    "title": {
      "literal": "Fuel Cell Locations"
    }
  },
  "widgets/Number of Electrolyzers": {
    "aimms.widget.type": {
      "literal": "scalar"
    },
    "contents": {
      "aimms": {
        "contents": [
          "Electro_LocationCount"
        ]
      }
    },
    "contents.displaydomain": {
      "literal": {
        "electro_locationcount": "1"
      }
    },
    "contents.numdecimals": {
      "literal": 0
    },
    "custom.column.widths": {
      "literal": [
        {
          "type": "rowHeader",
          "colKey": "<IDENTIFIER-SET>",
          "width": 28.56
        }
      ]
    },
    "name": {
      "literal": "Number of Electrolyzers"
    },
    "title": {
      "literal": "Electrolyzer Locations"
    }
  },
  "widgets/Solar Panel Fixed Cost": {
    "aimms.widget.type": {
      "literal": "table"
    },
    "contents": {
      "aimms": {
        "contents": [
          "Solar_FixedCost",
          "Solar_MaxNumber"
        ]
      }
    },
    "contents.displaydomain": {
      "literal": {
        "solar_fixedcost": "1",
        "solar_maxnumber": "1"
      }
    },
    "contents.partition": {
      "literal": {
        "rowHeader": [
          "s"
        ],
        "colHeader": [
          "<IDENTIFIER-SET>"
        ],
        "aggregated": []
      }
    },
    "contents.sorting": {
      "literal": [
        {
          "partIndex": 0,
          "index": "s",
          "mode": "increasing"
        }
      ]
    },
    "custom.column.widths": {
      "literal": [
        {
          "type": "rowHeader",
          "width": 21.98
        },
        {
          "type": "rowHeader",
          "colKey": "s",
          "width": 23.21
        },
        {
          "type": "colHeader",
          "colKey": {
            "<IDENTIFIER-SET>": "Solar_FixedCost"
          },
          "width": 19.89
        },
        {
          "type": "colHeader",
          "colKey": {
            "<IDENTIFIER-SET>": "Solar_MaxNumber"
          },
          "width": 16.94
        }
      ]
    },
    "name": {
      "literal": "Solar Panel Fixed Cost"
    },
    "title": {
      "literal": "Solar Panel Data"
    }
  },
  "widgets/Solar Panel Locations": {
    "aimms.widget.type": {
      "literal": "scalar"
    },
    "contents": {
      "aimms": {
        "contents": [
          "Solar_LocationCount"
        ]
      }
    },
    "contents.numdecimals": {
      "literal": 0
    },
    "custom.column.widths": {
      "literal": [
        {
          "type": "rowHeader",
          "colKey": "<IDENTIFIER-SET>",
          "width": 30.32
        }
      ]
    },
    "name": {
      "literal": "Solar Panel Locations"
    },
    "title": {
      "literal": "Solar Panels"
    }
  },
  "widgets/Wind Locations": {
    "aimms.widget.type": {
      "literal": "scalar"
    },
    "contents": {
      "aimms": {
        "contents": [
          "Wind_LocationCount"
        ]
      }
    },
    "contents.displaydomain": {
      "literal": {
        "wind_locationcount": "1"
      }
    },
    "contents.numdecimals": {
      "literal": 0
    },
    "contents.partition": {
      "literal": {
        "rowHeader": [
          "w",
          "<IDENTIFIER-SET>"
        ],
        "colHeader": [],
        "aggregated": []
      }
    },
    "custom.column.widths": {
      "literal": [
        {
          "type": "rowHeader",
          "colKey": "<IDENTIFIER-SET>",
          "width": 35.64
        }
      ]
    },
    "name": {
      "literal": "Wind Locations"
    },
    "title": {
      "literal": "Wind Turbines"
    }
  }
}