{
	"$id": "https://www.aimms.com/Schema/dataset-RowOriented-schema",
	"$schema": "https://json-schema.org/draft/2020-12/schema",
	"$comment": "Schema generated by AIMMS at 2024-01-16T22:44:18",
	"type": "object",
	"properties": {
		"datasets": {
			"$ref": "#/$defs/datasets"
		}
	},
	"$defs": {
		"datasets": {
			"type": "object",
			"properties": {
				"Import_Electricity": {
					"type": "object",
					"properties": {
						"instance": {
							"type": "string"
						},
						"tables": {
							"type": "object",
							"properties": {
								"Electricity Load": {
									"$ref": "#/$defs/Electricity Load"
								}
							}
						}
					}
				},
				"Import_Gas": {
					"type": "object",
					"properties": {
						"instance": {
							"type": "string"
						},
						"tables": {
							"type": "object",
							"properties": {
								"Gas Load": {
									"$ref": "#/$defs/Gas Load"
								}
							}
						}
					}
				},
				"Import_Solar": {
					"type": "object",
					"properties": {
						"instance": {
							"type": "string"
						},
						"tables": {
							"type": "object",
							"properties": {
								"Solar": {
									"$ref": "#/$defs/Solar"
								}
							}
						}
					}
				},
				"Import_Wind": {
					"type": "object",
					"properties": {
						"instance": {
							"type": "string"
						},
						"tables": {
							"type": "object",
							"properties": {
								"Wind": {
									"$ref": "#/$defs/Wind"
								}
							}
						}
					}
				}
			}
		},
		"Electricity Load": {
			"type": "object",
			"properties": {
				"rows": {
					"type": "object",
					"properties": {
						"meta": {
							"type": "array",
							"maxItems": 4,
							"minItems": 4,
							"items": {
								"type": "string"
							}
						},
						"data": {
							"type": "array",
							"items": {
								"type": "array",
								"maxItems": 4,
								"minItems": 4,
								"prefixItems": [
									{
										"type": "string",
										"x-aimms-binds-to": "q",
										"x-aimms-binds-set": "Quarters"
									},
									{
										"type": "string",
										"x-aimms-binds-to": "i",
										"x-aimms-binds-set": "Instance"
									},
									{
										"type": "string",
										"x-aimms-binds-to": "l_e",
										"x-aimms-binds-set": "Electric_Load"
									},
									{
										"type": "number",
										"x-aimms-maps-to": "Electricity_Demand(q,i,l_e)"
									}
								]
							}
						}
					}
				}
			}
		},
		"Gas Load": {
			"type": "object",
			"properties": {
				"rows": {
					"type": "object",
					"properties": {
						"meta": {
							"type": "array",
							"maxItems": 4,
							"minItems": 4,
							"items": {
								"type": "string"
							}
						},
						"data": {
							"type": "array",
							"items": {
								"type": "array",
								"maxItems": 4,
								"minItems": 4,
								"prefixItems": [
									{
										"type": "string",
										"x-aimms-binds-to": "q",
										"x-aimms-binds-set": "Quarters"
									},
									{
										"type": "string",
										"x-aimms-binds-to": "i",
										"x-aimms-binds-set": "Instance"
									},
									{
										"type": "string",
										"x-aimms-binds-to": "l_g",
										"x-aimms-binds-set": "Gas_Load"
									},
									{
										"type": "number",
										"x-aimms-maps-to": "Gas_Demand(q,i,l_g)"
									}
								]
							}
						}
					}
				}
			}
		},
		"Solar": {
			"type": "object",
			"properties": {
				"rows": {
					"type": "object",
					"properties": {
						"meta": {
							"type": "array",
							"maxItems": 3,
							"minItems": 3,
							"items": {
								"type": "string"
							}
						},
						"data": {
							"type": "array",
							"items": {
								"type": "array",
								"maxItems": 3,
								"minItems": 3,
								"prefixItems": [
									{
										"type": "string",
										"x-aimms-binds-to": "q",
										"x-aimms-binds-set": "Quarters"
									},
									{
										"type": "string",
										"x-aimms-binds-to": "i",
										"x-aimms-binds-set": "Instance"
									},
									{
										"type": "number",
										"x-aimms-maps-to": "Solar_Generation(q,i)"
									}
								]
							}
						}
					}
				}
			}
		},
		"Wind": {
			"type": "object",
			"properties": {
				"rows": {
					"type": "object",
					"properties": {
						"meta": {
							"type": "array",
							"maxItems": 3,
							"minItems": 3,
							"items": {
								"type": "string"
							}
						},
						"data": {
							"type": "array",
							"items": {
								"type": "array",
								"maxItems": 3,
								"minItems": 3,
								"prefixItems": [
									{
										"type": "string",
										"x-aimms-binds-to": "q",
										"x-aimms-binds-set": "Quarters"
									},
									{
										"type": "string",
										"x-aimms-binds-to": "i",
										"x-aimms-binds-set": "Instance"
									},
									{
										"type": "number",
										"x-aimms-maps-to": "Wind_Generation(q,i)"
									}
								]
							}
						}
					}
				}
			}
		}
	}
}